{
  "mean_abs_shap": {
    "checking_status_no_checking": 0.7211797833442688,
    "credit_per_duration": 0.5060949921607971,
    "years_to_repay_ratio": 0.43894603848457336,
    "credit_per_age": 0.4223249554634094,
    "savings_status__100": 0.37223953008651733,
    "credit_amount": 0.36941784620285034,
    "purpose_new_car": 0.3343817889690399,
    "checking_status__0": 0.3020516335964203,
    "employment__1": 0.28903234004974365,
    "duration": 0.2540332078933716
  }
}