{
  "demographic_parity_difference": 0.11299435028248586,
  "equalized_odds_difference": 0.3333333333333333
}