{
  "demographic_parity_difference": 0.10991058122205663,
  "equalized_odds_difference": 0.2857142857142857
}