{
  "accuracy": 0.76,
  "classification_report": {
    "0.0": {
      "precision": 0.7987012987012987,
      "recall": 0.8785714285714286,
      "f1-score": 0.8367346938775511,
      "support": 140.0
    },
    "1.0": {
      "precision": 0.6304347826086957,
      "recall": 0.48333333333333334,
      "f1-score": 0.5471698113207547,
      "support": 60.0
    },
    "accuracy": 0.76,
    "macro avg": {
      "precision": 0.7145680406549972,
      "recall": 0.680952380952381,
      "f1-score": 0.6919522525991528,
      "support": 200.0
    },
    "weighted avg": {
      "precision": 0.7482213438735178,
      "recall": 0.76,
      "f1-score": 0.7498652291105122,
      "support": 200.0
    }
  },
  "roc_auc": 0.7647619047619048,
  "optimal_threshold": 0.34263408938652196,
  "tuned_accuracy": 0.74
}